{"cameraMode":{"drawMode":0,"name":"Shaded","section":"Shading Mode"},"sceneLighting":true,"audioPlay":false,"sceneViewState":{"showFog":false,"showMaterialUpdate":false,"showSkybox":false,"showFlares":false,"showImageEffects":false,"showParticleSystems":true},"in2DMode":false,"pivot":{"x":0.1682143360376358,"y":-0.22315052151679994,"z":0.9411594867706299},"rotation":{"x":0.23239009082317353,"y":0.2755623757839203,"z":-0.06884115189313889,"w":0.9302263855934143},"size":20.873483657836915,"orthographic":false}