{"cameraMode":{"drawMode":0,"name":"Shaded","section":"Shading Mode"},"sceneLighting":true,"audioPlay":false,"sceneViewState":{"showFog":false,"showMaterialUpdate":false,"showSkybox":false,"showFlares":false,"showImageEffects":false,"showParticleSystems":true},"in2DMode":false,"pivot":{"x":3.7532527446746828,"y":2.520108222961426,"z":-2.163330078125},"rotation":{"x":-0.017192956060171129,"y":0.9693711996078491,"z":-0.23445889353752137,"w":-0.07108422368764878},"size":23.53757667541504,"orthographic":false}